"Area","Item","Status","Notes"
"CI","Workflow coverage","partial","workflow files=complete; R CMD check workflow=complete; OS matrix=partial; R-version matrix=complete"
"CRAN readiness","Preflight checklist","complete","6/6 CRAN readiness signals are passing."
"documentation","README/NEWS/licenses/man presence","complete","README.md=complete; NEWS.md=complete; DESCRIPTION=complete; LICENSE=complete; COMPATIBILITY_TRACKER.md=complete; man pages=complete"
"evidence artifact completeness","Preserved Phase 2 directories","complete","No prior Phase 2 evidence directories were removed during the baseline correction."
"examples","Rd example surface","partial","16 exported Rd files with examples detected."
"exports","Exported functions documented","complete","17/17 exported aliases are documented."
"metadata","DESCRIPTION completeness","complete","URL and BugReports are present on the corrected baseline."
"package structure","Corrected Phase 2 evidence baseline","complete","5/5 required evidence directories are present."
"recommendation","Final Phase 2 recommendation","CONDITIONAL GO","3 remaining risk(s) identified."
